Cluster,N_Components,BIC,AIC,Log_Likelihood
4,1,-284.39507165392945,-244.50420512672235,187.25210256336118
4,2,-255.03928820071647,-174.64384950742215,218.32192475371107
4,3,-197.68758435485933,-76.78757349547777,235.3937867477389
4,4,-106.19215652094653,55.21242650452223,235.3937867477389
6,1,-199.39069437052876,-140.8004931339559,135.40024656697796
6,2,-182.55359086785884,-64.47180068338122,163.2359003416906
6,3,-136.31071014702158,41.26266898536079,176.3686655073196
7,1,-178.73239659691376,-93.78696333331021,111.8934816666551
7,2,-145.97780045550593,25.21991889114122,118.39004055442939
10,1,-199.39069437052876,-140.8004931339559,135.40024656697796
10,2,-182.55359086785884,-64.47180068338122,163.2359003416906
10,3,-136.31071014702158,41.26266898536079,176.3686655073196
11,1,-178.73239659691376,-93.78696333331021,111.8934816666551
11,2,-145.97780045550593,25.21991889114122,118.39004055442939
13,1,-209.4292895031491,-150.83908826657625,140.41954413328813
13,2,-185.2590413472973,-67.17725116281969,164.58862558140984
13,3,-136.31071014702158,41.26266898536079,176.3686655073196
14,1,-196.29222927397853,-137.70202803740568,133.85101401870284
14,2,-180.46575820471165,-62.38396802023402,162.191984010117
14,3,-136.31071014702158,41.26266898536079,176.3686655073196
15,1,-178.73239659691376,-93.78696333331021,111.8934816666551
15,2,-145.97780045550593,25.21991889114122,118.39004055442939
20,1,-166.62247005706703,-81.67703679346349,105.83851839673174
20,2,-145.97780045550593,25.21991889114122,118.39004055442939
23,1,-209.38201159622975,-150.7918103596569,140.39590517982845
23,2,-185.94798831956362,-67.866198135086,164.933099067543
23,3,-136.31071014702158,41.26266898536079,176.3686655073196
24,1,-313.71286306395956,-288.3263273721761,209.16316368608804
24,2,-278.0987401758905,-226.93510670475763,244.46755335237881
24,3,-232.88945026388683,-155.94871901340457,274.9743595067023
24,4,-146.51200670768839,-43.79417767785674,284.89708883892837
27,1,-220.82904943609793,-162.23884819952508,146.11942409976254
27,2,-191.2937600697272,-73.21196988524957,167.6059849426248
27,3,-136.31071014702158,41.26266898536079,176.3686655073196
29,1,-251.00965278742422,-211.11878626021712,170.55939313010856
29,2,-228.3664407025628,-147.9710020092685,204.98550100463424
29,3,-180.10087988349147,-59.20086902410992,226.60043451205496
29,4,-103.4195677987068,57.98501522676196,234.00749238661902
31,1,-287.67564010896496,-247.78477358175786,188.89238679087893
31,2,-238.7993829874446,-158.40394429415028,210.20197214707514
31,3,-181.92187785707097,-61.021866997689415,227.5109334988447
31,4,-103.4195677987068,57.98501522676196,234.00749238661902
34,1,-165.66217645878652,-80.71674319518297,105.35837159759149
34,2,-145.97780045550593,25.21991889114122,118.39004055442939
35,1,-366.8950257229594,-372.0587259321487,251.02936296607436
35,2,-461.30524521019015,-471.71208717024865,366.8560435851243
35,3,-376.2248041013973,-391.87478781232494,392.93739390616247
35,4,-306.7976135987134,-327.69073906051017,426.8453695302551
36,1,-208.9663020680959,-150.37610083152305,140.18805041576152
36,2,-190.56713769771417,-72.48534751323655,167.24267375661827
36,3,-136.31071014702158,41.26266898536079,176.3686655073196
37,1,-224.61008718217863,-184.71922065497154,157.35961032748577
37,2,-215.40266090068158,-135.00722220738726,198.50361110369363
37,3,-173.9966420713348,-53.09663121195325,223.54831560597663
37,4,-103.4195677987068,57.98501522676196,234.00749238661902
38,1,-199.54808143280843,-140.95788019623558,135.4789400981178
38,2,-182.04611480431564,-63.96432461983801,162.982162309919
38,3,-136.31071014702158,41.26266898536079,176.3686655073196
39,1,-255.87876316955425,-215.98789664234715,172.99394832117358
39,2,-235.16269784029927,-154.76725914700495,208.38362957350247
39,3,-176.0149532813881,-55.11494242200655,224.55747121100327
39,4,-103.4195677987068,57.98501522676196,234.00749238661902
41,1,-178.73239659691376,-93.78696333331021,111.8934816666551
41,2,-145.97780045550593,25.21991889114122,118.39004055442939
42,1,-163.21472219098712,-78.26928892738357,104.13464446369179
42,2,-145.97780045550593,25.21991889114122,118.39004055442939
43,1,-233.70937519731012,-208.32283950552664,169.16141975276332
43,2,-273.23055563570614,-222.06692216457327,242.03346108228664
43,3,-215.73678935261444,-138.79605810213218,266.3980290510661
43,4,-135.43012281934983,-32.712293789518185,279.3561468947591
44,1,-208.45910610094836,-149.8689048643755,139.93445243218775
44,2,-187.4570241456871,-69.37523396120946,165.68761698060473
44,3,-136.31071014702158,41.26266898536079,176.3686655073196
45,1,-166.8540007248455,-81.90856746124194,105.95428373062097
45,2,-145.97780045550593,25.21991889114122,118.39004055442939
46,1,-352.350872692444,-326.9643370006605,228.48216850033026
46,2,-311.3138078130991,-260.15017434196625,261.0750871709831
46,3,-235.7137016210561,-158.77297037057383,276.3864851852869
46,4,-144.86487302672305,-42.1470439968914,284.0735219984457
47,1,-237.33605364342895,-197.44518711622186,163.72259355811093
47,2,-226.5482039245356,-146.1527652312413,204.07638261562064
47,3,-176.9953367197573,-56.09532586037574,225.04766293018787
47,4,-103.4195677987068,57.98501522676196,234.00749238661902
49,1,-519.78082627143,-524.9445264806193,327.47226324030964
49,2,-507.2926793727073,-517.6995213327658,389.8497606663829
49,3,-431.1641433406981,-446.81412705162575,420.4070635258129
49,4,-324.54379761843563,-345.4369230802324,435.7184615401162
50,1,-197.7347932035825,-139.14459196700966,134.57229598350483
50,2,-181.00238541385093,-62.920595229373305,162.46029761468665
50,3,-136.31071014702158,41.26266898536079,176.3686655073196
51,1,-292.6339839987069,-252.74311747149983,191.37155873574991
51,2,-255.67533557328161,-175.2798968799873,218.63994843999365
51,3,-181.92187785707102,-61.02186699768947,227.51093349884474
51,4,-103.4195677987068,57.98501522676196,234.00749238661902
53,1,-312.8056464858512,-317.9693466950405,223.98467334752024
53,2,-305.3766120120048,-315.7834539720633,288.89172698603164
53,3,-332.3168868692009,-347.96687058012856,370.9834352900643
53,4,-264.6135223966854,-285.5066478584822,405.7533239292411
57,1,-169.76192047530043,-84.81648721169688,107.40824360584844
57,2,-145.97780045550593,25.21991889114122,118.39004055442939
58,1,-201.70805919232177,-188.17242469214534,159.08621234607267
58,2,-217.77137092747432,-190.49186139634952,226.24593069817476
58,3,-244.8056937261016,-203.78230916402845,298.8911545820142
58,4,-153.16190036058174,-98.39464076756019,312.1973203837801
59,1,-308.01867649996257,-339.5376087361826,234.7688043680913
59,2,-545.5444541443937,-609.0672252666218,435.5336126333109
59,3,-560.5925896683757,-656.1191996766117,525.0595998383059
59,4,-488.436741051524,-615.967189945768,570.983594972884
60,1,-256.8651780392488,-216.9743115120417,173.48715575602085
60,2,-234.82229234290205,-154.42685364960772,208.21342682480386
60,3,-176.2335780168492,-55.333567157467655,224.66678357873383
60,4,-103.4195677987068,57.98501522676196,234.00749238661902
61,1,-213.81324075557285,-173.92237422836575,151.96118711418288
61,2,-204.36436733646397,-123.96892864316965,192.98446432158482
61,3,-167.63897661161042,-46.738965752228864,220.36948287611443
61,4,-103.4195677987068,57.98501522676196,234.00749238661902
62,1,-221.0721132917401,-181.181246764533,155.5906233822665
62,2,-209.916463951223,-129.52102525792867,195.76051262896434
62,3,-169.99994265268197,-49.099931793300414,221.5499658966502
62,4,-103.4195677987068,57.98501522676196,234.00749238661902
64,1,-230.94380177274127,-191.05293524553417,160.5264676227671
64,2,-214.9558925999257,-134.56045390663138,198.2802269533157
64,3,-171.8266175459584,-50.92660668657686,222.46330334328843
64,4,-103.4195677987068,57.98501522676196,234.00749238661902
66,1,-232.98481486682533,-193.09394833961824,161.54697416980912
66,2,-218.65500112528545,-138.25956243199113,200.12978121599556
66,3,-176.61452883970736,-55.71451798032581,224.8572589901629
66,4,-103.4195677987068,57.98501522676196,234.00749238661902
68,1,-204.83357273587956,-146.2433714993067,138.12168574965335
68,2,-183.9040682191792,-65.82227803470158,163.9111390173508
68,3,-136.31071014702158,41.26266898536079,176.3686655073196
69,1,-178.73239659691376,-93.78696333331021,111.8934816666551
69,2,-145.97780045550593,25.21991889114122,118.39004055442939
71,1,-168.64642045700742,-83.70098719340388,106.85049359670194
71,2,-145.97780045550593,25.21991889114122,118.39004055442939
74,1,-167.79721482514083,-82.85178156153728,106.42589078076864
74,2,-145.97780045550593,25.21991889114122,118.39004055442939
75,1,-238.62933522719123,-198.73846869998414,164.36923434999207
75,2,-243.32923993833347,-162.93380124503915,212.46690062251957
75,3,-176.61452883970736,-55.71451798032581,224.8572589901629
75,4,-103.4195677987068,57.98501522676196,234.00749238661902
77,1,-339.4897621023258,-335.97392179092117,232.98696089546058
77,2,-384.2741614908375,-377.1883910170835,319.59419550854176
77,3,-337.0134867280919,-326.3577860919886,360.1788930459943
77,4,-248.72121394223342,-234.49558314378078,380.2477915718904
78,1,-163.9045743900964,-78.95914112649285,104.47957056324643
78,2,-145.97780045550593,25.21991889114122,118.39004055442939
86,1,-194.49810309470212,-109.55266983109857,119.77633491554928
86,2,-148.75038917774572,22.44733016890143,119.77633491554928
94,1,-166.5409739138205,-81.59554065021695,105.79777032510847
94,2,-145.97780045550593,25.21991889114122,118.39004055442939
101,1,-228.74411500404608,-170.15391376747323,150.0769568837366
101,2,-190.6642141427504,-72.58242395827278,167.2912119791364
101,3,-136.31071014702158,41.26266898536079,176.3686655073196
102,1,-168.00565745310334,-83.06022418949979,106.5301120947499
102,2,-145.97780045550593,25.21991889114122,118.39004055442939
103,1,-219.3581075573602,-160.76790632078735,145.38395316039367
103,2,-187.75637043808885,-69.67458025361123,165.8372901268056
103,3,-136.31071014702158,41.26266898536079,176.3686655073196
106,1,-206.8264245646851,-148.23622332811226,139.11811166405613
106,2,-186.72935739435357,-68.64756720987594,165.32378360493797
106,3,-136.31071014702158,41.26266898536079,176.3686655073196
112,1,-227.27987315209805,-187.38900662489095,158.69450331244548
112,2,-216.41579815270094,-136.02035945940662,199.0101797297033
112,3,-170.99381438882256,-50.093803529441004,222.0469017647205
112,4,-103.4195677987068,57.98501522676196,234.00749238661902
113,1,-216.65181260280184,-158.061611366229,144.0308056831145
113,2,-191.78806262674217,-73.70627244226455,167.85313622113227
113,3,-136.31071014702158,41.26266898536079,176.3686655073196
117,1,-217.0388362190397,-158.44863498246684,144.22431749123342
117,2,-187.2101491539772,-69.12835896949957,165.5641794847498
117,3,-136.31071014702158,41.26266898536079,176.3686655073196
118,1,-177.0852629159483,-92.13982965234476,111.06991482617238
118,2,-145.97780045550593,25.21991889114122,118.39004055442939
119,1,-205.94481721499642,-147.35461597842357,138.67730798921178
119,2,-184.51020949934187,-66.42841931486424,164.21420965743212
119,3,-136.31071014702158,41.26266898536079,176.3686655073196
123,1,-163.0016377399749,-78.05620447637136,104.02810223818568
123,2,-145.97780045550593,25.21991889114122,118.39004055442939
